model,rmse,mae,r2,adj_r2,mape,rmse_ci_lower,rmse_ci_upper,train_time_s
linear_regression,1524875820.2851417,669471583.8244215,0.5249768525820843,0.4956858810254836,36.282716589740886,1331991263.7225273,1739436351.9281502,2.72091007232666
svr,1343080034.6862838,495314640.4173044,0.6314897234136456,0.6087665696295005,24.045764679863225,1143196687.2701893,1544115519.7101638,10.344133377075195
