model,rmse,mae,r2,adj_r2,mape,rmse_ci_lower,rmse_ci_upper,train_time_s
linear_regression,1524875820.2851198,669471583.8244138,0.5249768525820979,0.495685881025498,36.28271658974096,1331991263.7225113,1739436351.9281244,2.557513952255249
random_forest,1021857262.9966056,473917613.5520175,0.7866825963110662,0.7735289762444564,54.25172030302877,890101475.3383309,1155864728.3028586,51.04875922203064
svr,1343080034.686283,495314640.41730416,0.631489723413646,0.6087665696295008,24.045764679863225,1143196687.2701888,1544115519.7101634,4.88859748840332
