model,rmse,mae,r2,adj_r2,mape,rmse_ci_lower,rmse_ci_upper,train_time_s
linear_regression,381271040.69863534,114955875.97169796,0.6362498646542785,0.6096656301637712,43.45256644374941,186047438.3129041,545580305.94078,2.806622266769409
random_forest,331628883.7902377,89480676.17006738,0.7248052007245669,0.7046929248416921,43.64829582082289,139214236.65008953,495709664.8059593,58.92805051803589
svr,368827548.7752259,93550725.4342669,0.6596057396906545,0.6347284408088663,48.86255020864432,159524809.35255268,554255698.5015433,10.005921602249146
xgboost,382960019.088288,102710794.54726368,0.6330200001699413,0.6061997149773701,42.9998991127935,181235886.8618505,558505283.1286607,35.46253728866577
