mse,rmse,mae,r2,adj_r2,mape,rmse_ci_lower,rmse_ci_upper,train_time_s,best_params,n_budget_lt_500M,rmse_budget_lt_500M,mae_budget_lt_500M,n_mid_500M_1.2B,rmse_mid_500M_1.2B,mae_mid_500M_1.2B,n_premium_1.2B_5B,rmse_premium_1.2B_5B,mae_premium_1.2B_5B,n_luxury_gt_5B,rmse_luxury_gt_5B,mae_luxury_gt_5B
1.4536760647542045e+17,381271040.69863534,114955875.97169796,0.6362498646542785,0.6096656301637712,43.452566443749404,186047438.3129041,545580305.94078,2.806622266769409,{'alpha': 100.0},237,116811374.0881221,56795121.04249508,318,102047133.59277476,79422393.80583358,46,865133925.5056033,472887027.777437,2,4831267282.73323,4424412507.922671
