mse,rmse,mae,r2,adj_r2,mape,rmse_ci_lower,rmse_ci_upper,train_time_s,best_params
2.325246267290284e+18,1524875820.2851417,669471583.8244215,0.5249768525820843,0.4956858810254836,36.282716589740886,1331991263.7225273,1739436351.9281502,2.72091007232666,{'alpha': 1.0}
