mse,rmse,mae,r2,adj_r2,mape,rmse_ci_lower,rmse_ci_upper,train_time_s,best_params
2.325246267290217e+18,1524875820.2851198,669471583.8244138,0.5249768525820979,0.49568588102549804,36.282716589740964,1331991263.7225113,1739436351.9281244,2.557513952255249,{'alpha': 1.0}
