mse,rmse,mae,r2,adj_r2,mape,rmse_ci_lower,rmse_ci_upper,train_time_s,best_params
1.0441922659389138e+18,1021857262.9966055,473917613.55201745,0.7866825963110662,0.7735289762444564,54.25172030302877,890101475.3383309,1155864728.3028586,51.04875922203064,"{'max_depth': 20, 'min_samples_leaf': 2, 'min_samples_split': 2, 'n_estimators': 300}"
