mse,rmse,mae,r2,adj_r2,mape,rmse_ci_lower,rmse_ci_upper,train_time_s,best_params,n_budget_lt_500M,rmse_budget_lt_500M,mae_budget_lt_500M,n_mid_500M_1.2B,rmse_mid_500M_1.2B,mae_mid_500M_1.2B,n_premium_1.2B_5B,rmse_premium_1.2B_5B,mae_premium_1.2B_5B,n_luxury_gt_5B,rmse_luxury_gt_5B,mae_luxury_gt_5B
1.09977716563959e+17,331628883.7902377,89480676.17006738,0.7248052007245669,0.7046929248416921,43.64829582082289,139214236.65008953,495709664.8059593,58.92805051803589,"{'max_depth': 20, 'max_features': 0.5, 'min_samples_leaf': 2, 'min_samples_split': 2, 'n_estimators': 600}",237,99843830.801791,45365337.228108875,318,81116118.3758681,58309178.556857765,46,796838560.6982372,393771653.94668466,2,4040655742.722714,3274723972.4302793
