mse,rmse,mae,r2,adj_r2,mape,rmse_ci_lower,rmse_ci_upper,train_time_s,best_params
1.8038639795729096e+18,1343080034.6862838,495314640.4173044,0.6314897234136456,0.6087665696295005,24.045764679863225,1143196687.2701893,1544115519.7101638,10.344133377075195,"{'C': 1.0, 'epsilon': 0.1, 'gamma': 'scale'}"
