mse,rmse,mae,r2,adj_r2,mape,rmse_ci_lower,rmse_ci_upper,train_time_s,best_params,n_budget_lt_500M,rmse_budget_lt_500M,mae_budget_lt_500M,n_mid_500M_1.2B,rmse_mid_500M_1.2B,mae_mid_500M_1.2B,n_premium_1.2B_5B,rmse_premium_1.2B_5B,mae_premium_1.2B_5B,n_luxury_gt_5B,rmse_luxury_gt_5B,mae_luxury_gt_5B
1.3603376073554162e+17,368827548.7752259,93550725.4342669,0.6596057396906545,0.6347284408088663,48.862550208644315,159524809.35255268,554255698.5015433,10.005921602249146,"{'C': 1.0, 'epsilon': 0.1, 'gamma': 'auto'}",237,101095505.53562701,43628104.42866424,318,76660343.85045603,57272949.98541824,46,863170137.4717112,446624590.34012717,2,4661782798.35013,3656848718.130333
