mse,rmse,mae,r2,adj_r2,mape,rmse_ci_lower,rmse_ci_upper,train_time_s,best_params
1.8038639795729083e+18,1343080034.6862833,495314640.41730416,0.631489723413646,0.6087665696295008,24.045764679863225,1143196687.2701888,1544115519.7101634,4.88859748840332,"{'C': 1.0, 'epsilon': 0.1, 'gamma': 'scale'}"
