mse,rmse,mae,r2,adj_r2,mape,rmse_ci_lower,rmse_ci_upper,train_time_s,best_params,n_budget_lt_500M,rmse_budget_lt_500M,mae_budget_lt_500M,n_mid_500M_1.2B,rmse_mid_500M_1.2B,mae_mid_500M_1.2B,n_premium_1.2B_5B,rmse_premium_1.2B_5B,mae_premium_1.2B_5B,n_luxury_gt_5B,rmse_luxury_gt_5B,mae_luxury_gt_5B
1.4665837622010192e+17,382960019.088288,102710794.54726368,0.6330200001699413,0.6061997149773701,42.9998991127935,181235886.8618505,558505283.1286607,35.46253728866577,"{'colsample_bytree': 0.8, 'learning_rate': 0.1, 'max_depth': 8, 'min_child_weight': 3, 'n_estimators': 600, 'subsample': 0.8}",237,107755814.07715349,51193298.666666664,318,92291101.4395014,61803363.320754714,46,878257233.0186671,461603046.6086956,2,4873041243.520072,4457293824.0
